{"cameraMode":{"drawMode":0,"name":"Shaded","section":"Shading Mode"},"sceneLighting":false,"audioPlay":false,"sceneViewState":{"m_AlwaysRefresh":false,"showFog":true,"showSkybox":false,"showFlares":true,"showImageEffects":true,"showParticleSystems":true,"showVisualEffectGraphs":true,"m_FxEnabled":true},"in2DMode":false,"pivot":{"x":0.8535135388374329,"y":-0.3203797936439514,"z":4.198637008666992},"rotation":{"x":0.2349264770746231,"y":0.14803464710712434,"z":-0.03622746467590332,"w":0.9599915146827698},"size":0.4892286956310272,"orthographic":false}