{"cameraMode":{"drawMode":0,"name":"Shaded","section":"Shading Mode"},"sceneLighting":true,"audioPlay":false,"sceneViewState":{"m_AlwaysRefresh":false,"showFog":true,"showSkybox":true,"showFlares":true,"showImageEffects":true,"showParticleSystems":true,"showVisualEffectGraphs":true,"m_FxEnabled":true},"in2DMode":false,"pivot":{"x":-0.521579921245575,"y":7.056883811950684,"z":5.9464592933654789},"rotation":{"x":0.00012791289191227406,"y":0.9010965824127197,"z":-0.4336141347885132,"w":0.0002679186873137951},"size":1.3746767044067383,"orthographic":false}