{"cameraMode":{"drawMode":0,"name":"Shaded","section":"Shading Mode"},"sceneLighting":true,"audioPlay":false,"sceneViewState":{"m_AlwaysRefresh":false,"showFog":true,"showSkybox":true,"showFlares":true,"showImageEffects":true,"showParticleSystems":true,"showVisualEffectGraphs":true,"m_FxEnabled":true},"in2DMode":false,"pivot":{"x":12.720545768737793,"y":9.302164077758789,"z":18.049551010131837},"rotation":{"x":0.010833349078893662,"y":0.9774166941642761,"z":-0.20466962456703187,"w":0.05243649333715439},"size":3.2055914402008058,"orthographic":false}