{"cameraMode":{"drawMode":0,"name":"Shaded","section":"Shading Mode"},"sceneLighting":true,"audioPlay":false,"sceneViewState":{"m_AlwaysRefresh":false,"showFog":true,"showSkybox":true,"showFlares":true,"showImageEffects":true,"showParticleSystems":true,"showVisualEffectGraphs":true,"m_FxEnabled":true},"in2DMode":false,"pivot":{"x":0.07930441200733185,"y":5.700686931610107,"z":5.057667255401611},"rotation":{"x":-0.009411109611392022,"y":0.8532180190086365,"z":-0.5212461352348328,"w":-0.015406236983835698},"size":0.6952651739120483,"orthographic":false}